Title,Category
Wireless Monitor,Photography | https://www.example.com/categories/photography
Portable Headphones,Computers | https://www.example.com/categories/computers
Durable Charger,Computers | https://www.example.com/categories/computers
Ergonomic Speaker,Accessories | https://www.example.com/categories/accessories
Portable Tablet,Accessories | https://www.example.com/categories/accessories
Advanced Monitor,Electronics | https://www.example.com/categories/electronics
Wireless Camera,Accessories | https://www.example.com/categories/accessories
Stylish Mouse,Computers | https://www.example.com/categories/computers
Ergonomic Charger,Photography | https://www.example.com/categories/photography
Ergonomic Keyboard,Computers | https://www.example.com/categories/computers
Portable Keyboard,Photography | https://www.example.com/categories/photography
Ergonomic Camera,Mobile Devices | https://www.example.com/categories/mobile-devices
Advanced Keyboard,Mobile Devices | https://www.example.com/categories/mobile-devices
Durable Keyboard,Accessories | https://www.example.com/categories/accessories
Compact Headphones,Computers | https://www.example.com/categories/computers
Eco-friendly Charger,Accessories | https://www.example.com/categories/accessories
Eco-friendly Headphones,Computers | https://www.example.com/categories/computers
Innovative Keyboard,Mobile Devices | https://www.example.com/categories/mobile-devices
Durable Laptop,Electronics | https://www.example.com/categories/electronics
Durable Mouse,Mobile Devices | https://www.example.com/categories/mobile-devices
Portable Speaker,Computers | https://www.example.com/categories/computers
High-quality Laptop,Electronics | https://www.example.com/categories/electronics
Stylish Speaker,Photography | https://www.example.com/categories/photography
Wireless Keyboard,Mobile Devices | https://www.example.com/categories/mobile-devices
Compact Charger,Computers | https://www.example.com/categories/computers
Innovative Headphones,Photography | https://www.example.com/categories/photography
Portable Headphones,Photography | https://www.example.com/categories/photography
Ergonomic Tablet,Computers | https://www.example.com/categories/computers
High-quality Mouse,Accessories | https://www.example.com/categories/accessories
Ergonomic Speaker,Accessories | https://www.example.com/categories/accessories
Eco-friendly Keyboard,Computers | https://www.example.com/categories/computers
Ergonomic Mouse,Computers | https://www.example.com/categories/computers
Portable Tablet,Accessories | https://www.example.com/categories/accessories
Stylish Mouse,Accessories | https://www.example.com/categories/accessories
Portable Tablet,Photography | https://www.example.com/categories/photography
Innovative Keyboard,Mobile Devices | https://www.example.com/categories/mobile-devices
Eco-friendly Monitor,Computers | https://www.example.com/categories/computers
Durable Headphones,Mobile Devices | https://www.example.com/categories/mobile-devices
Innovative Smartphone,Computers | https://www.example.com/categories/computers
Stylish Tablet,Accessories | https://www.example.com/categories/accessories
Durable Charger,Electronics | https://www.example.com/categories/electronics
Advanced Mouse,Mobile Devices | https://www.example.com/categories/mobile-devices
Ergonomic Speaker,Computers | https://www.example.com/categories/computers
Compact Smartphone,Accessories | https://www.example.com/categories/accessories
Advanced Laptop,Electronics | https://www.example.com/categories/electronics
High-quality Mouse,Computers | https://www.example.com/categories/computers
Durable Charger,Accessories | https://www.example.com/categories/accessories
Advanced Tablet,Accessories | https://www.example.com/categories/accessories
Portable Headphones,Electronics | https://www.example.com/categories/electronics
Stylish Headphones,Photography | https://www.example.com/categories/photography
Eco-friendly Keyboard,Electronics | https://www.example.com/categories/electronics
High-quality Smartphone,Photography | https://www.example.com/categories/photography
Ergonomic Camera,Mobile Devices | https://www.example.com/categories/mobile-devices
Portable Charger,Accessories | https://www.example.com/categories/accessories
Advanced Monitor,Photography | https://www.example.com/categories/photography
Advanced Tablet,Accessories | https://www.example.com/categories/accessories
Innovative Charger,Mobile Devices | https://www.example.com/categories/mobile-devices
Wireless Monitor,Photography | https://www.example.com/categories/photography
Compact Monitor,Electronics | https://www.example.com/categories/electronics
Portable Mouse,Electronics | https://www.example.com/categories/electronics
Stylish Camera,Electronics | https://www.example.com/categories/electronics
Innovative Charger,Electronics | https://www.example.com/categories/electronics
Wireless Headphones,Photography | https://www.example.com/categories/photography
Durable Laptop,Mobile Devices | https://www.example.com/categories/mobile-devices
Portable Mouse,Accessories | https://www.example.com/categories/accessories
Stylish Mouse,Electronics | https://www.example.com/categories/electronics
Portable Charger,Computers | https://www.example.com/categories/computers
Advanced Tablet,Electronics | https://www.example.com/categories/electronics
Innovative Laptop,Electronics | https://www.example.com/categories/electronics
High-quality Mouse,Accessories | https://www.example.com/categories/accessories
Eco-friendly Smartphone,Electronics | https://www.example.com/categories/electronics
High-quality Camera,Mobile Devices | https://www.example.com/categories/mobile-devices
Wireless Speaker,Electronics | https://www.example.com/categories/electronics
Durable Monitor,Computers | https://www.example.com/categories/computers
Wireless Keyboard,Mobile Devices | https://www.example.com/categories/mobile-devices
Compact Speaker,Accessories | https://www.example.com/categories/accessories
Stylish Mouse,Electronics | https://www.example.com/categories/electronics
High-quality Laptop,Computers | https://www.example.com/categories/computers
Eco-friendly Camera,Photography | https://www.example.com/categories/photography
Portable Smartphone,Electronics | https://www.example.com/categories/electronics
Portable Speaker,Computers | https://www.example.com/categories/computers
Wireless Tablet,Mobile Devices | https://www.example.com/categories/mobile-devices
Portable Charger,Accessories | https://www.example.com/categories/accessories
Portable Tablet,Accessories | https://www.example.com/categories/accessories
Compact Mouse,Computers | https://www.example.com/categories/computers
Stylish Monitor,Photography | https://www.example.com/categories/photography
Wireless Smartphone,Computers | https://www.example.com/categories/computers
Eco-friendly Monitor,Photography | https://www.example.com/categories/photography
Durable Charger,Accessories | https://www.example.com/categories/accessories
Innovative Keyboard,Photography | https://www.example.com/categories/photography
Advanced Laptop,Electronics | https://www.example.com/categories/electronics
High-quality Headphones,Photography | https://www.example.com/categories/photography
Stylish Mouse,Computers | https://www.example.com/categories/computers
Eco-friendly Speaker,Mobile Devices | https://www.example.com/categories/mobile-devices
Eco-friendly Headphones,Photography | https://www.example.com/categories/photography
Stylish Tablet,Mobile Devices | https://www.example.com/categories/mobile-devices
Stylish Headphones,Computers | https://www.example.com/categories/computers
Compact Keyboard,Electronics | https://www.example.com/categories/electronics
High-quality Speaker,Accessories | https://www.example.com/categories/accessories
Durable Camera,Accessories | https://www.example.com/categories/accessories
